id,title,content,image,public,start_dt,end_dt,created_at,updated_at
1,"スイスシャレーで10万VNDすべての 平日に ""ALL YOUはビールTIGERを飲むことができます。","スイスシャレーで10万VNDすべての 平日に ""ALL YOUはビールTIGERを飲むことができます。",sp03.jpg,true,"","",2012-10-01 15:48:53 UTC,2012-10-01 16:03:25 UTC
2,"スイスシャレーで10万VNDすべての 平日に ""ALL YOUはビールTIGERを飲むことができます。","スイスシャレーで10万VNDすべての 平日に ""ALL YOUはビールTIGERを飲むことができます。",sp03.jpg,true,"","",2012-10-01 15:49:08 UTC,2012-10-01 16:03:36 UTC
3,"スイスシャレーで10万VNDすべての 平日に ""ALL YOUはビールTIGERを飲むことができます。","スイスシャレーで10万VNDすべての 平日に ""ALL YOUはビールTIGERを飲むことができます。",sp03.jpg,true,"","",2012-10-01 15:49:08 UTC,2012-10-01 16:03:36 UTC
4,"スイスシャレーで10万VNDすべての 平日に ""ALL YOUはビールTIGERを飲むことができます。","スイスシャレーで10万VNDすべての 平日に ""ALL YOUはビールTIGERを飲むことができます。",sp03.jpg,true,"","",2012-10-01 15:49:08 UTC,2012-10-01 16:03:36 UTC
5,"スイスシャレーで10万VNDすべての 平日に ""ALL YOUはビールTIGERを飲むことができます。","スイスシャレーで10万VNDすべての 平日に ""ALL YOUはビールTIGERを飲むことができます。",sp03.jpg,true,"","",2012-10-01 15:49:08 UTC,2012-10-01 16:03:36 UTC
6,"スイスシャレーで10万VNDすべての 平日に ""ALL YOUはビールTIGERを飲むことができます。","スイスシャレーで10万VNDすべての 平日に ""ALL YOUはビールTIGERを飲むことができます。",sp03.jpg,true,"","",2012-10-01 15:49:08 UTC,2012-10-01 16:03:36 UTC
7,"スイスシャレーで10万VNDすべての 平日に ""ALL YOUはビールTIGERを飲むことができます。","スイスシャレーで10万VNDすべての 平日に ""ALL YOUはビールTIGERを飲むことができます。",sp03.jpg,true,"","",2012-10-01 15:49:08 UTC,2012-10-01 16:03:36 UTC
8,"スイスシャレーで10万VNDすべての 平日に ""ALL YOUはビールTIGERを飲むことができます。","スイスシャレーで10万VNDすべての 平日に ""ALL YOUはビールTIGERを飲むことができます。",sp03.jpg,true,"","",2012-10-01 15:49:08 UTC,2012-10-01 16:03:36 UTC
9,"スイスシャレーで10万VNDすべての 平日に ""ALL YOUはビールTIGERを飲むことができます。","スイスシャレーで10万VNDすべての 平日に ""ALL YOUはビールTIGERを飲むことができます。",sp03.jpg,true,"","",2012-10-01 15:49:08 UTC,2012-10-01 16:03:36 UTC
10,"スイスシャレーで10万VNDすべての 平日に ""ALL YOUはビールTIGERを飲むことができます。","スイスシャレーで10万VNDすべての 平日に ""ALL YOUはビールTIGERを飲むことができます。",sp03.jpg,true,"","",2012-10-01 15:49:08 UTC,2012-10-01 16:03:36 UTC
11,"スイスシャレーで10万VNDすべての 平日に ""ALL YOUはビールTIGERを飲むことができます。","スイスシャレーで10万VNDすべての 平日に ""ALL YOUはビールTIGERを飲むことができます。",sp03.jpg,true,"","",2012-10-01 15:49:08 UTC,2012-10-01 16:03:36 UTC
12,"スイスシャレーで10万VNDすべての 平日に ""ALL YOUはビールTIGERを飲むことができます。","スイスシャレーで10万VNDすべての 平日に ""ALL YOUはビールTIGERを飲むことができます。",sp03.jpg,true,"","",2012-10-01 15:49:08 UTC,2012-10-01 16:03:36 UTC
13,"スイスシャレーで10万VNDすべての 平日に ""ALL YOUはビールTIGERを飲むことができます。","スイスシャレーで10万VNDすべての 平日に ""ALL YOUはビールTIGERを飲むことができます。",sp03.jpg,true,"","",2012-10-01 15:49:08 UTC,2012-10-01 16:03:36 UTC
14,"スイスシャレーで10万VNDすべての 平日に ""ALL YOUはビールTIGERを飲むことができます。","スイスシャレーで10万VNDすべての 平日に ""ALL YOUはビールTIGERを飲むことができます。",sp03.jpg,true,"","",2012-10-01 15:49:08 UTC,2012-10-01 16:03:36 UTC
15,"スイスシャレーで10万VNDすべての 平日に ""ALL YOUはビールTIGERを飲むことができます。","スイスシャレーで10万VNDすべての 平日に ""ALL YOUはビールTIGERを飲むことができます。",sp03.jpg,true,"","",2012-10-01 15:49:08 UTC,2012-10-01 16:03:36 UTC
16,"スイスシャレーで10万VNDすべての 平日に ""ALL YOUはビールTIGERを飲むことができます。","スイスシャレーで10万VNDすべての 平日に ""ALL YOUはビールTIGERを飲むことができます。",sp03.jpg,true,"","",2012-10-01 15:49:08 UTC,2012-10-01 16:03:36 UTC
17,"スイスシャレーで10万VNDすべての 平日に ""ALL YOUはビールTIGERを飲むことができます。","スイスシャレーで10万VNDすべての 平日に ""ALL YOUはビールTIGERを飲むことができます。",sp03.jpg,true,"","",2012-10-01 15:49:08 UTC,2012-10-01 16:03:36 UTC
18,"スイスシャレーで10万VNDすべての 平日に ""ALL YOUはビールTIGERを飲むことができます。","スイスシャレーで10万VNDすべての 平日に ""ALL YOUはビールTIGERを飲むことができます。",sp03.jpg,true,"","",2012-10-01 15:49:08 UTC,2012-10-01 16:03:36 UTC
19,"スイスシャレーで10万VNDすべての 平日に ""ALL YOUはビールTIGERを飲むことができます。","スイスシャレーで10万VNDすべての 平日に ""ALL YOUはビールTIGERを飲むことができます。",sp03.jpg,true,"","",2012-10-01 15:49:08 UTC,2012-10-01 16:03:36 UTC
20,"スイスシャレーで10万VNDすべての 平日に ""ALL YOUはビールTIGERを飲むことができます。","スイスシャレーで10万VNDすべての 平日に ""ALL YOUはビールTIGERを飲むことができます。",sp03.jpg,true,"","",2012-10-01 15:49:08 UTC,2012-10-01 16:03:36 UTC
